organization_location,part_number,material_name,shipment_from_location,lead_time_days,supplying_quantity,unit_price,required_quantity,quantity_fill_rate,is_full_quantity,total_price,was_selected
Delhi,PN-8465,Copper Wire,Chennai,18,413,14.21,413,1.0,1,5870.18,1
Pune,PN-9455,Aluminum Sheet,Chennai,29,431,41.19,559,0.77,0,23025.85,1
Mumbai,PN-1137,Plastic Resins,Bangalore,23,407,12.43,407,1.0,1,5060.99,1
Chennai,PN-3679,Plastic Resins,New York,24,817,15.53,817,1.0,1,12689.51,1
Chennai,PN-7293,Electronic Components,Berlin,23,309,166.7,389,0.79,0,64846.03,1
Bangalore,PN-8545,Electronic Components,Berlin,25,375,133.5,375,1.0,1,50064.17,1
Mumbai,PN-8779,Electronic Components,London,23,197,120.92,574,0.34,0,69410.34,1
Pune,PN-6926,Steel Plate,Bangalore,18,201,60.91,230,0.87,0,14009.1,1
Bangalore,PN-6620,Electronic Components,Pune,9,285,132.05,285,1.0,1,37633.11,1
Mumbai,PN-4648,Plastic Resins,Delhi,21,592,12.78,906,0.65,0,11582.52,1
Delhi,PN-9506,Steel Plate,Delhi,12,185,57.0,185,1.0,1,10545.08,1
Chennai,PN-7882,Electronic Components,London,25,563,152.1,563,1.0,1,85630.39,1
Bangalore,PN-6701,Copper Wire,Mumbai,11,381,13.54,432,0.88,0,5850.37,1
Pune,PN-5354,Plastic Resins,Delhi,4,663,8.02,678,0.98,0,5439.57,1
Bangalore,PN-6388,Aluminum Sheet,Pune,19,782,29.45,782,1.0,1,23026.54,1
Bangalore,PN-8589,Steel Plate,New York,44,217,75.92,573,0.38,0,43502.2,1
Pune,PN-3539,Electronic Components,Delhi,30,471,134.18,581,0.81,0,77958.77,1
Bangalore,PN-7396,Fasteners,Chennai,19,561,5.34,899,0.62,0,4796.76,1
Pune,PN-4757,Aluminum Sheet,Shanghai,25,308,43.66,475,0.65,0,20737.59,1
Bangalore,PN-5997,Plastic Resins,Pune,12,714,12.86,741,0.96,0,9528.72,1
Chennai,PN-1203,Fasteners,New York,19,220,6.33,220,1.0,1,1393.33,1
Chennai,PN-9042,Electronic Components,New York,44,164,104.98,164,1.0,1,17216.85,1
Chennai,PN-9535,Copper Wire,Chennai,28,376,18.02,376,1.0,1,6775.11,1
Pune,PN-3836,Plastic Resins,Delhi,9,341,10.4,388,0.88,0,4034.63,1
Chennai,PN-4007,Plastic Resins,New York,24,127,14.13,127,1.0,1,1794.51,1
Delhi,PN-4424,Copper Wire,Pune,7,309,16.72,659,0.47,0,11016.54,1
Delhi,PN-9362,Copper Wire,New York,39,355,21.87,487,0.73,0,10651.45,1
Pune,PN-7518,Copper Wire,Mumbai,29,221,19.91,641,0.34,0,12763.49,1
Mumbai,PN-5595,Copper Wire,Delhi,24,436,14.7,436,1.0,1,6411.02,1
Delhi,PN-3831,Plastic Resins,Shanghai,25,868,10.39,970,0.89,0,10076.3,1
Chennai,PN-7748,Electronic Components,Mumbai,25,286,85.61,404,0.71,0,34585.39,1
Chennai,PN-5112,Steel Plate,Pune,26,447,52.01,447,1.0,1,23249.74,1
Mumbai,PN-4637,Electronic Components,Chennai,9,510,103.79,683,0.75,0,70886.65,1
Mumbai,PN-8049,Plastic Resins,Bangalore,3,198,8.13,402,0.49,0,3266.69,1
Delhi,PN-1752,Plastic Resins,Chennai,22,99,11.46,108,0.92,0,1238.1,1
Chennai,PN-7559,Copper Wire,Berlin,38,841,23.51,841,1.0,1,19771.84,1
Pune,PN-1412,Aluminum Sheet,New York,44,241,35.55,241,1.0,1,8566.63,1
Delhi,PN-1433,Steel Plate,Chennai,9,769,43.05,769,1.0,1,33108.61,1
Chennai,PN-3319,Steel Plate,Chennai,23,941,54.37,941,1.0,1,51163.04,1
Delhi,PN-8339,Copper Wire,Shanghai,36,707,16.45,981,0.72,0,16137.91,1
Bangalore,PN-6406,Copper Wire,Shanghai,39,257,21.62,257,1.0,1,5555.58,1
Pune,PN-2017,Aluminum Sheet,New York,46,384,40.27,384,1.0,1,15465.39,1
Bangalore,PN-5357,Steel Plate,Pune,24,365,62.76,484,0.75,0,30378.04,1
Chennai,PN-1612,Plastic Resins,Berlin,40,355,11.67,355,1.0,1,4142.15,1
Delhi,PN-8952,Electronic Components,Berlin,36,396,133.27,590,0.67,0,78627.38,1
Chennai,PN-7121,Copper Wire,Shanghai,45,633,18.35,633,1.0,1,11617.44,1
Delhi,PN-5833,Aluminum Sheet,Chennai,14,210,37.36,222,0.95,0,8295.01,1
Chennai,PN-5512,Copper Wire,Berlin,36,219,22.64,219,1.0,1,4959.01,1
Chennai,PN-2874,Electronic Components,Bangalore,18,54,138.29,212,0.25,0,29318.52,1
Chennai,PN-1289,Aluminum Sheet,Chennai,4,856,40.95,941,0.91,0,38536.96,1
Delhi,PN-3004,Aluminum Sheet,Bangalore,18,801,24.9,802,1.0,0,19973.06,1
Pune,PN-5125,Plastic Resins,Delhi,5,493,8.8,811,0.61,0,7138.9,1
Mumbai,PN-6158,Steel Plate,Shanghai,23,491,65.01,491,1.0,1,31921.75,1
Mumbai,PN-9547,Electronic Components,London,43,119,140.14,708,0.17,0,99218.14,1
Chennai,PN-7113,Copper Wire,New York,28,804,19.01,804,1.0,1,15282.48,1
Delhi,PN-1442,Electronic Components,Delhi,21,371,123.33,867,0.43,0,106930.67,1
Mumbai,PN-8591,Plastic Resins,New York,39,94,14.21,501,0.19,0,7120.79,1
Bangalore,PN-1130,Steel Plate,Shanghai,26,636,68.28,636,1.0,1,43427.25,1
Mumbai,PN-8977,Aluminum Sheet,Berlin,27,676,42.13,676,1.0,1,28480.0,1
Chennai,PN-8097,Aluminum Sheet,Shanghai,31,606,48.16,606,1.0,1,29184.79,1
Bangalore,PN-5640,Plastic Resins,Berlin,32,496,10.3,872,0.57,0,8984.21,1
Chennai,PN-8254,Steel Plate,Chennai,18,302,46.27,711,0.42,0,32899.5,1
Mumbai,PN-6533,Copper Wire,Mumbai,5,568,12.25,787,0.72,0,9640.86,1
Pune,PN-8045,Plastic Resins,Mumbai,16,109,9.44,722,0.15,0,6818.49,1
Pune,PN-3163,Copper Wire,Berlin,30,493,21.3,493,1.0,1,10499.93,1
Mumbai,PN-5582,Fasteners,Shanghai,43,215,6.11,606,0.35,0,3703.75,1
Pune,PN-7897,Plastic Resins,Shanghai,32,107,11.29,137,0.78,0,1547.0,1
Bangalore,PN-6328,Copper Wire,Delhi,3,193,15.79,349,0.55,0,5509.66,1
Chennai,PN-3630,Copper Wire,Berlin,31,202,18.44,926,0.22,0,17079.27,1
Delhi,PN-5542,Plastic Resins,London,20,130,12.96,226,0.58,0,2929.22,1
Bangalore,PN-5190,Plastic Resins,Bangalore,13,198,11.71,198,1.0,1,2319.53,1
Pune,PN-5755,Aluminum Sheet,London,18,863,32.2,877,0.98,0,28241.77,1
Pune,PN-8407,Steel Plate,Bangalore,18,117,52.45,117,1.0,1,6137.22,1
Pune,PN-3721,Fasteners,London,45,416,8.19,945,0.44,0,7742.53,1
Chennai,PN-4886,Plastic Resins,Chennai,10,160,11.49,323,0.5,0,3711.87,1
Pune,PN-9892,Copper Wire,London,30,117,15.47,117,1.0,1,1810.39,1
Pune,PN-6367,Copper Wire,Shanghai,18,186,25.08,319,0.58,0,7999.82,1
Chennai,PN-3125,Plastic Resins,Chennai,20,743,13.51,743,1.0,1,10039.29,1
Chennai,PN-9504,Copper Wire,Shanghai,31,170,22.96,486,0.35,0,11156.34,1
Mumbai,PN-8941,Fasteners,Bangalore,28,389,6.58,529,0.74,0,3478.92,1
Bangalore,PN-6411,Copper Wire,Chennai,21,121,16.07,995,0.12,0,15989.68,1
Chennai,PN-8978,Aluminum Sheet,Bangalore,3,52,27.47,842,0.06,0,23129.35,1
Delhi,PN-6572,Copper Wire,Pune,4,337,13.49,337,1.0,1,4545.94,1
Pune,PN-7651,Aluminum Sheet,Berlin,16,518,46.83,727,0.71,0,34042.85,1
Bangalore,PN-4220,Electronic Components,Delhi,22,595,135.15,811,0.73,0,109603.5,1
Delhi,PN-8700,Steel Plate,Mumbai,10,640,58.37,640,1.0,1,37354.47,1
Pune,PN-8611,Steel Plate,Mumbai,17,334,45.47,334,1.0,1,15187.0,1
Pune,PN-9799,Fasteners,Pune,12,165,4.11,403,0.41,0,1656.66,1
Chennai,PN-9787,Fasteners,Chennai,27,333,6.01,412,0.81,0,2474.63,1
Chennai,PN-3804,Copper Wire,Berlin,35,438,19.71,438,1.0,1,8634.27,1
Mumbai,PN-7097,Plastic Resins,Pune,8,315,12.35,315,1.0,1,3890.13,1
Delhi,PN-8893,Aluminum Sheet,Bangalore,27,550,27.73,670,0.82,0,18576.63,1
Mumbai,PN-5684,Electronic Components,Pune,15,640,119.45,640,1.0,1,76450.38,1
Bangalore,PN-8411,Steel Plate,Mumbai,25,312,65.04,348,0.9,0,22633.25,1
Delhi,PN-8827,Electronic Components,Mumbai,23,408,93.74,408,1.0,1,38247.08,1
Chennai,PN-5043,Steel Plate,Mumbai,26,528,66.12,528,1.0,1,34909.8,1
Pune,PN-1284,Steel Plate,Shanghai,38,232,73.55,232,1.0,1,17062.88,1
Chennai,PN-2410,Fasteners,New York,27,805,7.58,805,1.0,1,6105.45,1
Delhi,PN-2001,Copper Wire,Pune,14,279,15.93,788,0.35,0,12552.3,1
Delhi,PN-8085,Copper Wire,London,44,119,18.91,520,0.23,0,9831.58,1
Mumbai,PN-7018,Electronic Components,Delhi,28,264,100.47,264,1.0,1,26524.54,1
Chennai,PN-8050,Copper Wire,New York,42,717,23.9,717,1.0,1,17139.59,1
Bangalore,PN-4249,Electronic Components,London,34,146,107.03,209,0.7,0,22369.81,1
Bangalore,PN-2052,Electronic Components,Delhi,10,463,117.75,463,1.0,1,54520.02,1
Pune,PN-2460,Copper Wire,Pune,13,67,19.5,312,0.21,0,6085.04,1
Delhi,PN-8969,Fasteners,Bangalore,29,278,6.89,278,1.0,1,1914.95,1
Delhi,PN-2887,Copper Wire,New York,25,280,16.48,280,1.0,1,4614.78,1
Pune,PN-1117,Plastic Resins,Mumbai,24,775,8.08,775,1.0,1,6263.19,1
Delhi,PN-7120,Plastic Resins,Delhi,5,85,10.08,157,0.54,0,1582.74,1
Chennai,PN-7139,Aluminum Sheet,Chennai,26,117,28.44,117,1.0,1,3327.07,1
Bangalore,PN-8087,Aluminum Sheet,New York,24,115,38.47,556,0.21,0,21387.2,1
Chennai,PN-8010,Plastic Resins,Chennai,28,831,10.36,921,0.9,0,9545.01,1
Chennai,PN-1034,Electronic Components,London,37,772,138.91,772,1.0,1,107242.07,1
Delhi,PN-4506,Steel Plate,Pune,20,325,66.48,906,0.36,0,60232.18,1
Pune,PN-1156,Fasteners,Berlin,25,61,5.62,157,0.39,0,882.1,1
Pune,PN-6678,Copper Wire,New York,28,284,19.4,284,1.0,1,5510.91,1
Delhi,PN-7369,Copper Wire,Mumbai,4,95,12.62,780,0.12,0,9844.75,1
Bangalore,PN-2159,Steel Plate,London,28,769,55.29,769,1.0,1,42521.38,1
Pune,PN-8507,Copper Wire,Delhi,5,313,20.55,395,0.79,0,8117.47,1
Mumbai,PN-5748,Electronic Components,Shanghai,23,241,147.32,320,0.75,0,47143.95,1
Delhi,PN-1887,Electronic Components,New York,35,573,117.62,573,1.0,1,67397.04,1
Chennai,PN-2746,Copper Wire,Mumbai,26,736,19.08,850,0.87,0,16217.94,1
Bangalore,PN-3149,Copper Wire,Pune,10,666,16.35,666,1.0,1,10886.66,1
Bangalore,PN-5831,Copper Wire,Mumbai,11,190,20.25,190,1.0,1,3848.4,1
Mumbai,PN-8343,Copper Wire,Berlin,21,927,18.93,927,1.0,1,17551.0,1
Bangalore,PN-6616,Electronic Components,London,32,153,133.25,709,0.22,0,94470.81,1
Pune,PN-9855,Electronic Components,Bangalore,13,102,115.67,102,1.0,1,11798.77,1
Chennai,PN-5907,Fasteners,Mumbai,22,72,6.79,306,0.24,0,2077.52,1
Bangalore,PN-7946,Steel Plate,Chennai,19,599,62.87,599,1.0,1,37661.98,1
Chennai,PN-5298,Electronic Components,New York,23,199,156.36,201,0.99,0,31428.72,1
Chennai,PN-1437,Aluminum Sheet,Berlin,20,593,38.59,679,0.87,0,26204.43,1
Mumbai,PN-4265,Aluminum Sheet,Shanghai,25,285,47.21,964,0.3,0,45514.74,1
Pune,PN-5367,Electronic Components,Pune,10,426,126.47,622,0.68,0,78665.46,1
Delhi,PN-4403,Copper Wire,Chennai,30,57,19.88,132,0.43,0,2624.53,1
Pune,PN-5519,Copper Wire,New York,44,748,23.75,773,0.97,0,18361.52,1
Bangalore,PN-1740,Fasteners,Bangalore,4,575,6.71,678,0.85,0,4552.57,1
Mumbai,PN-7323,Steel Plate,New York,22,54,70.25,221,0.24,0,15525.87,1
Bangalore,PN-4135,Fasteners,London,21,786,5.17,786,1.0,1,4061.42,1
Pune,PN-7967,Plastic Resins,Chennai,14,183,11.95,183,1.0,1,2187.62,1
Delhi,PN-1651,Electronic Components,Delhi,11,125,124.7,179,0.7,0,22321.05,1
Chennai,PN-3289,Copper Wire,Chennai,27,912,13.0,912,1.0,1,11860.05,1
Bangalore,PN-2582,Aluminum Sheet,London,44,863,46.91,863,1.0,1,40485.6,1
Chennai,PN-4772,Plastic Resins,Berlin,32,117,13.14,117,1.0,1,1537.8,1
Chennai,PN-5439,Fasteners,Shanghai,26,77,7.07,338,0.23,0,2389.04,1
Mumbai,PN-2515,Steel Plate,London,29,130,50.22,130,1.0,1,6529.15,1
Pune,PN-7515,Aluminum Sheet,Mumbai,28,398,29.74,503,0.79,0,14960.47,1
Chennai,PN-9126,Electronic Components,New York,26,393,114.76,656,0.6,0,75279.8,1
Mumbai,PN-4601,Electronic Components,Chennai,19,173,84.38,898,0.19,0,75769.42,1
Chennai,PN-3577,Copper Wire,London,42,613,19.74,613,1.0,1,12101.63,1
Pune,PN-3408,Copper Wire,Mumbai,26,312,14.64,746,0.42,0,10924.35,1
Mumbai,PN-1434,Electronic Components,Berlin,33,147,135.44,233,0.63,0,31557.79,1
Mumbai,PN-1498,Fasteners,Shanghai,33,503,4.99,503,1.0,1,2511.26,1
Pune,PN-4878,Aluminum Sheet,London,30,141,48.36,344,0.41,0,16635.5,1
Mumbai,PN-5424,Plastic Resins,New York,26,757,15.18,757,1.0,1,11492.9,1
Chennai,PN-6089,Fasteners,Shanghai,23,263,4.94,943,0.28,0,4659.31,1
Bangalore,PN-6312,Electronic Components,London,35,438,114.55,438,1.0,1,50172.51,1
Pune,PN-9027,Fasteners,Mumbai,21,372,6.86,774,0.48,0,5306.07,1
Pune,PN-2608,Aluminum Sheet,Bangalore,25,345,32.41,533,0.65,0,17272.85,1
Pune,PN-2776,Fasteners,New York,45,949,7.66,949,1.0,1,7269.95,1
Pune,PN-1209,Aluminum Sheet,Chennai,27,772,28.22,772,1.0,1,21787.51,1
Pune,PN-9437,Plastic Resins,London,25,643,16.66,643,1.0,1,10712.65,1
Delhi,PN-3709,Copper Wire,Berlin,18,482,21.85,482,1.0,1,10534.01,1
Mumbai,PN-9951,Plastic Resins,Chennai,5,432,12.64,834,0.52,0,10543.54,1
Delhi,PN-2156,Aluminum Sheet,Berlin,28,861,43.9,861,1.0,1,37801.0,1
Pune,PN-9769,Plastic Resins,New York,30,240,13.24,881,0.27,0,11660.77,1
Chennai,PN-6771,Copper Wire,Berlin,25,189,15.19,247,0.77,0,3752.62,1
Mumbai,PN-5570,Copper Wire,Chennai,6,176,18.88,176,1.0,1,3322.25,1
Bangalore,PN-5610,Steel Plate,Mumbai,13,343,62.91,918,0.37,0,57748.41,1
Delhi,PN-5751,Aluminum Sheet,Shanghai,44,301,36.66,568,0.53,0,20821.1,1
Bangalore,PN-2156,Aluminum Sheet,Shanghai,15,876,42.42,916,0.96,0,38856.92,1
Chennai,PN-8310,Fasteners,Mumbai,11,465,4.28,906,0.51,0,3873.64,1
Chennai,PN-2603,Aluminum Sheet,London,22,311,45.18,311,1.0,1,14051.62,1
Bangalore,PN-2999,Electronic Components,Bangalore,25,298,113.43,298,1.0,1,33802.12,1
Pune,PN-2764,Steel Plate,Berlin,28,922,62.81,922,1.0,1,57913.26,1
Mumbai,PN-8737,Electronic Components,London,25,857,110.15,857,1.0,1,94401.54,1
Delhi,PN-4008,Aluminum Sheet,Pune,19,52,32.82,244,0.21,0,8007.32,1
Mumbai,PN-4924,Aluminum Sheet,New York,30,468,38.23,534,0.88,0,20413.14,1
Chennai,PN-4179,Electronic Components,Chennai,25,449,104.64,449,1.0,1,46982.62,1
Bangalore,PN-5838,Aluminum Sheet,Mumbai,28,277,36.65,729,0.38,0,26721.14,1
Pune,PN-5324,Copper Wire,Shanghai,33,342,21.26,783,0.44,0,16650.17,1
Pune,PN-8463,Steel Plate,Berlin,17,948,51.59,948,1.0,1,48902.97,1
Pune,PN-8760,Electronic Components,Bangalore,5,620,98.59,620,1.0,1,61126.77,1
Mumbai,PN-5307,Aluminum Sheet,Bangalore,4,175,29.48,227,0.77,0,6691.48,1
Mumbai,PN-1319,Steel Plate,London,34,116,80.07,116,1.0,1,9287.67,1
Mumbai,PN-8428,Plastic Resins,New York,16,276,15.34,657,0.42,0,10078.93,1
Bangalore,PN-8303,Electronic Components,Shanghai,49,232,146.82,232,1.0,1,34063.01,1
Bangalore,PN-7458,Plastic Resins,Pune,19,380,11.89,766,0.5,0,9105.44,1
Delhi,PN-6580,Fasteners,Bangalore,4,261,6.51,543,0.48,0,3532.97,1
Mumbai,PN-9801,Steel Plate,Delhi,19,457,61.93,481,0.95,0,29787.56,1
Chennai,PN-3786,Steel Plate,Pune,3,379,55.77,379,1.0,1,21138.13,1
Bangalore,PN-2354,Steel Plate,Berlin,33,841,73.95,841,1.0,1,62193.73,1
Mumbai,PN-9695,Fasteners,London,45,171,6.09,435,0.39,0,2647.85,1
Mumbai,PN-3119,Fasteners,Chennai,20,383,5.34,590,0.65,0,3151.36,1
Bangalore,PN-3248,Plastic Resins,Mumbai,14,626,13.4,626,1.0,1,8390.18,1
Delhi,PN-4405,Steel Plate,Bangalore,3,590,64.13,590,1.0,1,37834.42,1
Mumbai,PN-4703,Aluminum Sheet,Pune,12,292,39.21,292,1.0,1,11450.06,1
Delhi,PN-7675,Aluminum Sheet,Bangalore,15,869,27.46,869,1.0,1,23860.4,1
Chennai,PN-4135,Steel Plate,Mumbai,11,961,65.35,961,1.0,1,62801.39,1
Mumbai,PN-9181,Steel Plate,Delhi,21,719,65.71,719,1.0,1,47245.29,1
Bangalore,PN-8025,Electronic Components,Shanghai,16,814,129.28,814,1.0,1,105234.64,1
Bangalore,PN-3500,Plastic Resins,Berlin,40,294,12.99,294,1.0,1,3818.48,1
Pune,PN-2033,Aluminum Sheet,London,37,76,47.41,310,0.25,0,14696.92,1
Delhi,PN-2441,Fasteners,Pune,27,157,6.61,157,1.0,1,1037.44,1
Chennai,PN-4652,Fasteners,New York,33,561,7.04,561,1.0,1,3947.7,1
Chennai,PN-2842,Copper Wire,Mumbai,4,141,19.41,770,0.18,0,14944.02,1
Pune,PN-1173,Plastic Resins,London,32,357,11.97,652,0.55,0,7806.93,1
Chennai,PN-5178,Fasteners,London,29,510,7.77,510,1.0,1,3962.19,1
Bangalore,PN-3894,Electronic Components,Pune,29,489,134.41,685,0.71,0,92069.45,1
Bangalore,PN-9312,Fasteners,Mumbai,25,86,4.05,312,0.28,0,1262.57,1
Pune,PN-6284,Aluminum Sheet,London,21,128,37.52,606,0.21,0,22734.83,1
Pune,PN-6022,Copper Wire,Pune,27,627,20.23,627,1.0,1,12682.48,1
Delhi,PN-2778,Plastic Resins,Bangalore,4,181,13.7,225,0.8,0,3082.25,1
Mumbai,PN-3057,Copper Wire,Shanghai,22,249,18.8,637,0.39,0,11977.66,1
Bangalore,PN-5368,Steel Plate,Shanghai,49,211,78.5,568,0.37,0,44587.63,1
Bangalore,PN-7698,Fasteners,Mumbai,8,485,4.39,485,1.0,1,2129.03,1
Delhi,PN-1983,Steel Plate,Bangalore,17,73,62.84,184,0.4,0,11563.02,1
Pune,PN-1789,Aluminum Sheet,Mumbai,5,80,39.39,665,0.12,0,26197.34,1
Mumbai,PN-2744,Electronic Components,Delhi,10,551,120.64,551,1.0,1,66474.41,1
Mumbai,PN-3573,Aluminum Sheet,New York,28,375,31.04,375,1.0,1,11639.88,1
Chennai,PN-7622,Copper Wire,New York,26,968,19.78,968,1.0,1,19148.15,1
Chennai,PN-3324,Copper Wire,Delhi,17,204,14.64,795,0.26,0,11642.38,1
Mumbai,PN-4057,Electronic Components,Chennai,27,859,123.06,859,1.0,1,105705.72,1
Mumbai,PN-3156,Copper Wire,Berlin,23,254,23.35,968,0.26,0,22606.39,1
Bangalore,PN-5445,Electronic Components,Delhi,21,253,84.2,277,0.91,0,23322.25,1
Pune,PN-4495,Fasteners,New York,44,712,5.9,712,1.0,1,4201.19,1
Pune,PN-4048,Plastic Resins,Pune,25,216,10.88,942,0.23,0,10249.59,1
Bangalore,PN-5655,Aluminum Sheet,Berlin,32,196,33.31,196,1.0,1,6529.39,1
Mumbai,PN-7358,Electronic Components,Delhi,10,207,139.55,784,0.26,0,109408.9,1
Delhi,PN-7051,Electronic Components,Bangalore,6,843,134.81,843,1.0,1,113645.0,1
Chennai,PN-6436,Aluminum Sheet,Mumbai,11,461,28.85,461,1.0,1,13301.15,1
Bangalore,PN-5734,Electronic Components,Shanghai,25,577,162.42,577,1.0,1,93715.22,1
Pune,PN-2933,Aluminum Sheet,Bangalore,18,411,31.13,607,0.68,0,18898.27,1
Mumbai,PN-8824,Electronic Components,Mumbai,9,722,120.75,722,1.0,1,87179.15,1
Chennai,PN-2199,Plastic Resins,Delhi,18,260,13.01,342,0.76,0,4448.29,1
Bangalore,PN-7061,Electronic Components,Mumbai,21,70,118.52,824,0.08,0,97663.12,1
Pune,PN-6520,Copper Wire,Pune,18,576,20.77,576,1.0,1,11961.14,1
Pune,PN-8293,Fasteners,New York,15,509,5.16,834,0.61,0,4302.83,1
Delhi,PN-5296,Electronic Components,London,22,804,107.17,804,1.0,1,86164.51,1
Delhi,PN-1603,Steel Plate,Delhi,5,267,46.16,267,1.0,1,12325.4,1
Pune,PN-7394,Plastic Resins,Shanghai,41,116,11.42,557,0.21,0,6362.27,1
Bangalore,PN-8101,Fasteners,Chennai,17,955,6.22,955,1.0,1,5944.34,1
Mumbai,PN-1109,Plastic Resins,Mumbai,21,462,13.63,462,1.0,1,6295.86,1
Delhi,PN-7141,Copper Wire,New York,33,221,21.15,269,0.82,0,5690.08,1
Mumbai,PN-1422,Fasteners,Mumbai,13,961,5.29,961,1.0,1,5086.86,1
Delhi,PN-8205,Copper Wire,Chennai,10,521,17.58,521,1.0,1,9160.68,1
Mumbai,PN-8148,Plastic Resins,Pune,12,313,13.73,313,1.0,1,4298.74,1
Delhi,PN-1832,Steel Plate,Chennai,16,752,40.15,752,1.0,1,30192.45,1
Pune,PN-1901,Steel Plate,Mumbai,18,166,67.32,666,0.25,0,44837.64,1
Mumbai,PN-2175,Aluminum Sheet,Delhi,30,235,26.81,907,0.26,0,24316.71,1
Mumbai,PN-4702,Fasteners,London,27,269,4.95,375,0.72,0,1855.3,1
Bangalore,PN-1636,Electronic Components,Mumbai,9,167,92.85,275,0.61,0,25533.63,1
Mumbai,PN-2712,Electronic Components,Delhi,29,998,82.09,998,1.0,1,81923.68,1
Pune,PN-2386,Steel Plate,Pune,8,263,53.91,263,1.0,1,14177.4,1
Mumbai,PN-1737,Fasteners,Mumbai,12,789,5.7,925,0.85,0,5271.15,1
Pune,PN-2442,Plastic Resins,Berlin,41,435,14.36,870,0.5,0,12490.66,1
Delhi,PN-1304,Fasteners,Bangalore,23,100,6.88,102,0.98,0,701.47,1
Delhi,PN-1986,Copper Wire,New York,33,137,20.56,137,1.0,1,2817.16,1
Chennai,PN-3899,Steel Plate,New York,34,543,55.47,543,1.0,1,30121.73,1
Chennai,PN-4032,Aluminum Sheet,Delhi,22,161,41.9,300,0.54,0,12569.95,1
Delhi,PN-7498,Plastic Resins,Berlin,39,100,15.97,840,0.12,0,13413.71,1
Mumbai,PN-1814,Steel Plate,Bangalore,8,199,68.16,245,0.81,0,16699.26,1
Mumbai,PN-6034,Plastic Resins,Chennai,30,509,11.11,742,0.69,0,8244.75,1
Mumbai,PN-7436,Electronic Components,Mumbai,9,428,135.46,829,0.52,0,112292.65,1
Bangalore,PN-8284,Steel Plate,Mumbai,20,415,43.11,415,1.0,1,17891.37,1
Bangalore,PN-9316,Steel Plate,Mumbai,26,352,44.59,352,1.0,1,15694.64,1
Pune,PN-1727,Electronic Components,Bangalore,17,523,87.91,895,0.58,0,78675.95,1
Pune,PN-7625,Aluminum Sheet,Mumbai,27,642,33.69,642,1.0,1,21628.94,1
Delhi,PN-4975,Electronic Components,Pune,8,189,118.08,335,0.56,0,39556.1,1
Bangalore,PN-8678,Copper Wire,Pune,13,991,17.82,991,1.0,1,17664.27,1
Chennai,PN-9429,Aluminum Sheet,New York,24,291,32.52,470,0.62,0,15285.78,1
Chennai,PN-2171,Copper Wire,Delhi,19,510,18.69,968,0.53,0,18090.95,1
Chennai,PN-7534,Steel Plate,London,37,466,59.06,466,1.0,1,27524.1,1
Chennai,PN-8265,Steel Plate,Chennai,24,963,65.44,963,1.0,1,63015.29,1
Bangalore,PN-6977,Aluminum Sheet,London,16,220,29.04,799,0.28,0,23200.55,1
Mumbai,PN-8895,Fasteners,Chennai,24,478,4.9,478,1.0,1,2344.43,1
Mumbai,PN-9934,Steel Plate,Delhi,22,843,65.21,930,0.91,0,60640.82,1
Delhi,PN-2143,Steel Plate,Shanghai,39,650,59.13,886,0.73,0,52388.71,1
Mumbai,PN-5858,Copper Wire,Pune,30,535,14.71,850,0.63,0,12506.87,1
Chennai,PN-4152,Plastic Resins,London,32,171,10.89,438,0.39,0,4770.28,1
Chennai,PN-9346,Steel Plate,New York,34,147,64.8,451,0.33,0,29225.22,1
Pune,PN-4554,Fasteners,Chennai,21,740,6.95,740,1.0,1,5141.43,1
Mumbai,PN-7699,Aluminum Sheet,London,28,309,44.62,309,1.0,1,13786.16,1
Mumbai,PN-8284,Steel Plate,Bangalore,24,781,46.02,781,1.0,1,35939.09,1
Bangalore,PN-3815,Steel Plate,Shanghai,33,372,83.53,436,0.85,0,36420.07,1
Chennai,PN-7376,Copper Wire,Shanghai,21,151,21.63,151,1.0,1,3266.23,1
Delhi,PN-3051,Copper Wire,New York,31,388,19.67,541,0.72,0,10640.81,1
Delhi,PN-1321,Steel Plate,Chennai,16,241,66.9,367,0.66,0,24553.39,1
Pune,PN-1546,Electronic Components,Mumbai,30,997,130.78,997,1.0,1,130389.09,1
Delhi,PN-7135,Electronic Components,Shanghai,33,332,163.21,332,1.0,1,54187.09,1
Bangalore,PN-1776,Copper Wire,Berlin,27,274,22.82,952,0.29,0,21727.4,1
Pune,PN-6205,Copper Wire,New York,27,292,22.8,408,0.72,0,9304.23,1
Chennai,PN-8653,Steel Plate,Berlin,44,850,68.72,887,0.96,0,60953.22,1
Delhi,PN-1815,Aluminum Sheet,Chennai,24,104,33.64,142,0.73,0,4777.59,1
Delhi,PN-1038,Aluminum Sheet,Chennai,15,78,36.86,951,0.08,0,35050.69,1
Pune,PN-4804,Fasteners,Delhi,8,195,4.75,547,0.36,0,2600.65,1
Pune,PN-9157,Copper Wire,Berlin,15,225,22.99,225,1.0,1,5173.15,1
Bangalore,PN-1593,Fasteners,London,36,984,5.98,984,1.0,1,5883.22,1
Pune,PN-7627,Aluminum Sheet,London,45,165,39.89,165,1.0,1,6581.24,1
Chennai,PN-2368,Copper Wire,Delhi,12,525,16.3,801,0.66,0,13055.23,1
Delhi,PN-9464,Electronic Components,Shanghai,34,296,128.51,296,1.0,1,38039.36,1
Bangalore,PN-8098,Fasteners,Berlin,42,941,7.93,941,1.0,1,7457.82,1
Delhi,PN-1870,Electronic Components,Delhi,13,722,93.3,722,1.0,1,67360.14,1
Mumbai,PN-8322,Steel Plate,Shanghai,25,90,54.78,839,0.11,0,45964.18,1
Chennai,PN-4709,Copper Wire,New York,48,713,20.77,713,1.0,1,14809.02,1
Delhi,PN-1928,Fasteners,Shanghai,28,683,7.04,683,1.0,1,4805.7,1
Pune,PN-7591,Fasteners,Mumbai,6,701,4.15,701,1.0,1,2906.61,1
Chennai,PN-1307,Aluminum Sheet,Chennai,12,245,29.86,245,1.0,1,7315.51,1
Bangalore,PN-8966,Aluminum Sheet,Bangalore,18,797,30.12,797,1.0,1,24003.01,1
Chennai,PN-4056,Plastic Resins,Bangalore,14,324,8.99,324,1.0,1,2913.54,1
Delhi,PN-9098,Electronic Components,Chennai,6,258,125.13,517,0.5,0,64691.77,1
Pune,PN-2919,Copper Wire,Mumbai,12,606,14.74,606,1.0,1,8932.79,1
Chennai,PN-6042,Steel Plate,New York,18,333,60.32,333,1.0,1,20087.2,1
Delhi,PN-1498,Aluminum Sheet,Mumbai,19,122,31.51,427,0.29,0,13456.07,1
Bangalore,PN-1105,Aluminum Sheet,Delhi,12,100,31.31,425,0.24,0,13305.92,1
Delhi,PN-9493,Fasteners,Mumbai,13,232,5.55,600,0.39,0,3328.07,1
Chennai,PN-7624,Plastic Resins,Pune,24,569,12.74,569,1.0,1,7249.27,1
Bangalore,PN-7600,Electronic Components,Delhi,19,837,126.94,932,0.9,0,118304.51,1
Bangalore,PN-1552,Aluminum Sheet,Pune,18,633,32.36,633,1.0,1,20482.59,1
Chennai,PN-9909,Aluminum Sheet,New York,39,883,33.67,883,1.0,1,29727.76,1
Mumbai,PN-6646,Copper Wire,Chennai,30,635,15.14,635,1.0,1,9614.88,1
Delhi,PN-6768,Steel Plate,New York,28,318,61.97,363,0.88,0,22495.12,1
Bangalore,PN-5832,Fasteners,Berlin,45,594,7.69,594,1.0,1,4567.29,1
Bangalore,PN-9464,Steel Plate,Bangalore,27,91,53.17,101,0.9,0,5369.79,1
Bangalore,PN-7270,Copper Wire,Pune,28,231,15.67,256,0.9,0,4012.06,1
Delhi,PN-5258,Plastic Resins,Pune,14,359,9.27,359,1.0,1,3329.72,1
Chennai,PN-4432,Plastic Resins,Berlin,31,559,12.7,712,0.79,0,9042.64,1
Pune,PN-8615,Plastic Resins,Delhi,29,758,9.07,758,1.0,1,6871.87,1
Mumbai,PN-8036,Copper Wire,Delhi,10,374,16.47,399,0.94,0,6572.01,1
Delhi,PN-5559,Fasteners,Bangalore,29,91,6.98,163,0.56,0,1137.51,1
Chennai,PN-3540,Aluminum Sheet,Berlin,42,350,30.21,956,0.37,0,28878.47,1
Pune,PN-6018,Electronic Components,New York,18,150,144.11,519,0.29,0,74794.67,1
Pune,PN-6995,Steel Plate,Chennai,26,463,53.08,463,1.0,1,24577.83,1
Mumbai,PN-2426,Aluminum Sheet,Mumbai,14,127,36.49,439,0.29,0,16018.29,1
Chennai,PN-1545,Steel Plate,Mumbai,6,374,46.89,756,0.49,0,35452.32,1
Pune,PN-8263,Aluminum Sheet,Berlin,19,220,32.3,220,1.0,1,7105.42,1
Delhi,PN-3535,Plastic Resins,Shanghai,44,268,16.51,268,1.0,1,4423.44,1
Chennai,PN-3010,Plastic Resins,Shanghai,14,549,9.79,549,1.0,1,5372.55,1
Pune,PN-1698,Aluminum Sheet,Mumbai,13,873,33.76,873,1.0,1,29471.49,1
Mumbai,PN-3292,Plastic Resins,Shanghai,37,144,9.78,165,0.87,0,1613.61,1
Chennai,PN-4955,Fasteners,Pune,11,542,5.18,542,1.0,1,2806.93,1
Chennai,PN-2419,Copper Wire,Delhi,12,327,15.14,798,0.41,0,12082.08,1
Pune,PN-6585,Plastic Resins,Berlin,44,988,14.16,988,1.0,1,13988.4,1
Chennai,PN-3573,Plastic Resins,Delhi,14,169,9.39,661,0.26,0,6208.92,1
Chennai,PN-6714,Steel Plate,Chennai,24,113,45.98,254,0.44,0,11678.47,1
Mumbai,PN-9819,Aluminum Sheet,Mumbai,12,93,41.87,410,0.23,0,17166.86,1
Delhi,PN-4422,Aluminum Sheet,London,24,118,39.46,248,0.48,0,9787.26,1
Bangalore,PN-5998,Copper Wire,London,19,573,22.92,575,1.0,0,13176.91,1
Bangalore,PN-6479,Electronic Components,Mumbai,24,200,128.11,200,1.0,1,25621.41,1
Delhi,PN-1367,Aluminum Sheet,Bangalore,14,518,24.38,518,1.0,1,12628.2,1
Mumbai,PN-1989,Steel Plate,Delhi,24,409,67.54,409,1.0,1,27622.45,1
Delhi,PN-3558,Steel Plate,Delhi,6,91,65.52,202,0.45,0,13235.65,1
Pune,PN-7340,Electronic Components,Pune,14,933,104.84,933,1.0,1,97819.29,1
Mumbai,PN-4772,Plastic Resins,Bangalore,3,124,11.86,124,1.0,1,1470.97,1
Mumbai,PN-1049,Electronic Components,Bangalore,23,70,101.81,917,0.08,0,93363.16,1
Pune,PN-8977,Plastic Resins,London,24,489,13.75,678,0.72,0,9325.74,1
Bangalore,PN-4732,Fasteners,Bangalore,24,601,4.67,601,1.0,1,2804.52,1
Mumbai,PN-4060,Aluminum Sheet,Mumbai,12,74,38.84,133,0.56,0,5165.63,1
Bangalore,PN-6744,Fasteners,Bangalore,28,429,4.76,869,0.49,0,4136.03,1
Mumbai,PN-7074,Plastic Resins,Berlin,14,283,13.02,808,0.35,0,10522.14,1
Chennai,PN-5361,Electronic Components,Shanghai,27,72,141.84,532,0.14,0,75458.01,1
Mumbai,PN-2754,Copper Wire,Shanghai,43,512,22.78,512,1.0,1,11665.58,1
Chennai,PN-7318,Plastic Resins,London,29,108,15.73,966,0.11,0,15196.84,1
Pune,PN-6502,Steel Plate,Delhi,28,366,67.08,989,0.37,0,66338.54,1
Pune,PN-9725,Plastic Resins,Delhi,19,81,8.43,119,0.68,0,1003.11,1
Pune,PN-4565,Aluminum Sheet,New York,37,789,36.68,789,1.0,1,28939.94,1
Delhi,PN-9122,Steel Plate,Mumbai,19,574,47.56,574,1.0,1,27300.61,1
Chennai,PN-9231,Steel Plate,Shanghai,45,287,76.68,364,0.79,0,27911.47,1
Mumbai,PN-6366,Plastic Resins,Mumbai,10,242,12.38,399,0.61,0,4940.89,1
Mumbai,PN-4246,Steel Plate,Berlin,33,255,53.2,445,0.57,0,23673.89,1
Chennai,PN-6226,Plastic Resins,Berlin,42,409,16.46,691,0.59,0,11376.34,1
Bangalore,PN-5673,Electronic Components,Pune,25,87,86.01,127,0.69,0,10923.07,1
Pune,PN-3917,Electronic Components,Mumbai,15,119,86.4,154,0.77,0,13305.02,1
Pune,PN-2395,Plastic Resins,Pune,15,334,10.45,465,0.72,0,4859.75,1
Pune,PN-4333,Steel Plate,Mumbai,3,394,62.72,857,0.46,0,53749.09,1
Pune,PN-3368,Plastic Resins,Pune,21,549,9.87,549,1.0,1,5415.99,1
Delhi,PN-9941,Copper Wire,Berlin,34,940,20.05,940,1.0,1,18849.22,1
Pune,PN-1533,Plastic Resins,Chennai,22,465,10.25,751,0.62,0,7694.82,1
Mumbai,PN-7096,Electronic Components,Shanghai,20,77,110.55,925,0.08,0,102257.17,1
Mumbai,PN-2268,Copper Wire,Chennai,7,160,16.82,160,1.0,1,2690.83,1
Delhi,PN-5582,Copper Wire,Pune,20,641,14.95,708,0.91,0,10584.31,1
Delhi,PN-4392,Steel Plate,London,42,513,56.19,692,0.74,0,38881.36,1
Bangalore,PN-3367,Aluminum Sheet,Berlin,35,299,39.98,649,0.46,0,25944.99,1
Mumbai,PN-4907,Steel Plate,London,48,701,57.85,781,0.9,0,45184.59,1
Delhi,PN-1570,Electronic Components,Bangalore,23,583,112.4,604,0.97,0,67892.06,1
Mumbai,PN-7483,Copper Wire,Mumbai,16,237,17.46,237,1.0,1,4137.14,1
Mumbai,PN-6992,Aluminum Sheet,Chennai,7,147,32.4,175,0.84,0,5670.59,1
Chennai,PN-7510,Aluminum Sheet,London,37,122,46.57,416,0.29,0,19373.54,1
Bangalore,PN-2428,Fasteners,Chennai,7,172,4.63,448,0.38,0,2073.71,1
Bangalore,PN-8039,Aluminum Sheet,London,26,841,43.79,841,1.0,1,36823.95,1
Mumbai,PN-9958,Steel Plate,Shanghai,40,204,59.0,344,0.59,0,20295.55,1
Bangalore,PN-8508,Steel Plate,Chennai,7,448,43.7,484,0.93,0,21148.66,1
Chennai,PN-2699,Plastic Resins,Bangalore,30,702,12.31,702,1.0,1,8643.39,1
Chennai,PN-1646,Aluminum Sheet,Delhi,20,347,36.85,347,1.0,1,12786.92,1
Chennai,PN-8402,Electronic Components,Shanghai,27,274,107.0,274,1.0,1,29319.32,1
Mumbai,PN-5866,Copper Wire,Shanghai,33,845,25.2,845,1.0,1,21290.97,1
Mumbai,PN-5951,Fasteners,Shanghai,33,271,6.82,362,0.75,0,2467.96,1
Pune,PN-6576,Copper Wire,London,42,760,20.65,793,0.96,0,16376.6,1
Chennai,PN-5960,Electronic Components,Shanghai,40,236,156.52,236,1.0,1,36939.1,1
Chennai,PN-3660,Electronic Components,Pune,18,842,106.62,842,1.0,1,89775.6,1
Delhi,PN-9785,Electronic Components,Pune,11,890,101.79,890,1.0,1,90593.29,1
Delhi,PN-5386,Copper Wire,Berlin,34,80,20.74,202,0.4,0,4190.25,1
Pune,PN-9111,Aluminum Sheet,Pune,3,529,31.64,922,0.57,0,29174.83,1
Pune,PN-8880,Fasteners,Pune,23,666,5.55,666,1.0,1,3694.69,1
Chennai,PN-2685,Electronic Components,Mumbai,8,147,94.84,147,1.0,1,13941.88,1
Mumbai,PN-1161,Electronic Components,New York,17,202,144.81,757,0.27,0,109623.06,1
Bangalore,PN-7971,Aluminum Sheet,London,30,790,35.83,795,0.99,0,28486.96,1
Mumbai,PN-6295,Plastic Resins,Shanghai,41,303,11.01,389,0.78,0,4284.64,1
Mumbai,PN-5313,Aluminum Sheet,Mumbai,18,654,27.0,654,1.0,1,17658.36,1
Mumbai,PN-4559,Steel Plate,Pune,6,990,50.85,990,1.0,1,50342.87,1
Chennai,PN-1200,Aluminum Sheet,Berlin,30,69,39.09,298,0.23,0,11649.99,1
Mumbai,PN-2664,Copper Wire,Delhi,10,255,15.09,923,0.28,0,13924.16,1
Pune,PN-6339,Plastic Resins,Berlin,29,714,13.8,714,1.0,1,9855.97,1
Pune,PN-1836,Electronic Components,New York,25,908,116.34,908,1.0,1,105637.66,1
Delhi,PN-2318,Steel Plate,New York,44,504,53.8,548,0.92,0,29484.41,1
Mumbai,PN-9250,Electronic Components,Chennai,3,968,119.12,968,1.0,1,115307.96,1
Delhi,PN-7987,Aluminum Sheet,Delhi,9,196,37.7,996,0.2,0,37545.06,1
Chennai,PN-6593,Plastic Resins,Bangalore,18,138,12.25,612,0.23,0,7496.89,1
Pune,PN-1125,Steel Plate,Shanghai,32,915,50.65,915,1.0,1,46343.9,1
Chennai,PN-3401,Electronic Components,Bangalore,20,893,85.15,893,1.0,1,76036.9,1
Delhi,PN-6965,Aluminum Sheet,Mumbai,13,293,33.38,394,0.74,0,13150.44,1
Pune,PN-2175,Fasteners,Chennai,27,628,5.02,937,0.67,0,4707.78,1
Chennai,PN-6972,Electronic Components,Chennai,9,331,116.28,437,0.76,0,50813.36,1
Pune,PN-2192,Copper Wire,New York,39,111,17.5,212,0.52,0,3710.87,1
Chennai,PN-5603,Plastic Resins,Pune,11,119,10.33,223,0.53,0,2304.45,1
Pune,PN-1260,Fasteners,Berlin,21,150,5.21,820,0.18,0,4271.18,1
Pune,PN-8393,Electronic Components,Shanghai,32,479,130.15,479,1.0,1,62343.02,1
Bangalore,PN-7930,Copper Wire,Delhi,22,357,17.02,501,0.71,0,8525.43,1
Pune,PN-8936,Aluminum Sheet,Berlin,20,206,42.59,493,0.42,0,20998.81,1
Mumbai,PN-9118,Copper Wire,Mumbai,4,52,16.17,237,0.22,0,3832.74,1
Chennai,PN-2787,Steel Plate,Bangalore,5,712,41.57,712,1.0,1,29599.42,1
Mumbai,PN-9328,Plastic Resins,Chennai,7,343,11.88,343,1.0,1,4073.6,1
Delhi,PN-8407,Plastic Resins,Pune,25,952,11.27,952,1.0,1,10729.72,1
Mumbai,PN-8650,Plastic Resins,Mumbai,8,338,8.02,338,1.0,1,2709.33,1
Pune,PN-5833,Plastic Resins,Chennai,12,257,13.52,627,0.41,0,8477.36,1
Mumbai,PN-4648,Fasteners,Mumbai,6,245,4.5,691,0.35,0,3111.94,1
Pune,PN-4131,Plastic Resins,Bangalore,9,153,10.56,764,0.2,0,8064.27,1
Pune,PN-4428,Plastic Resins,New York,23,377,13.75,517,0.73,0,7110.02,1
Bangalore,PN-7200,Fasteners,Mumbai,9,576,4.47,586,0.98,0,2617.52,1
Pune,PN-1638,Fasteners,Pune,14,763,6.72,763,1.0,1,5126.36,1
Bangalore,PN-8067,Steel Plate,Mumbai,7,90,43.32,148,0.61,0,6411.73,1
Chennai,PN-3462,Aluminum Sheet,Chennai,26,461,26.93,461,1.0,1,12414.05,1
Delhi,PN-4199,Electronic Components,London,44,53,112.85,122,0.43,0,13768.05,1
Delhi,PN-4803,Steel Plate,Delhi,14,180,43.33,180,1.0,1,7800.27,1
Chennai,PN-3408,Steel Plate,Pune,4,87,65.12,176,0.49,0,11461.11,1
Pune,PN-2885,Aluminum Sheet,Chennai,15,951,29.95,951,1.0,1,28479.94,1
Mumbai,PN-7618,Copper Wire,Mumbai,28,128,16.59,128,1.0,1,2123.75,1
Delhi,PN-4149,Steel Plate,Shanghai,32,348,66.29,348,1.0,1,23069.91,1
Pune,PN-2115,Steel Plate,London,47,439,81.17,553,0.79,0,44888.49,1
Bangalore,PN-3179,Fasteners,Berlin,32,230,5.24,633,0.36,0,3314.46,1
Bangalore,PN-9064,Steel Plate,Delhi,19,458,45.06,458,1.0,1,20637.86,1
Delhi,PN-5070,Electronic Components,Mumbai,4,99,96.45,743,0.13,0,71660.5,1
Delhi,PN-6838,Plastic Resins,Bangalore,8,688,11.99,688,1.0,1,8251.04,1
Chennai,PN-1865,Aluminum Sheet,Delhi,21,81,33.49,132,0.61,0,4421.3,1
Delhi,PN-2439,Plastic Resins,Shanghai,33,140,16.79,359,0.39,0,6026.43,1
Delhi,PN-2789,Plastic Resins,Delhi,22,487,13.58,583,0.84,0,7916.08,1
Bangalore,PN-5895,Steel Plate,Shanghai,26,52,73.61,121,0.43,0,8906.63,1
Mumbai,PN-5160,Copper Wire,Bangalore,20,348,20.66,348,1.0,1,7190.33,1
Pune,PN-7556,Steel Plate,Pune,8,174,41.87,558,0.31,0,23362.76,1
Pune,PN-1124,Plastic Resins,Delhi,11,584,9.67,584,1.0,1,5648.78,1
Bangalore,PN-7399,Plastic Resins,New York,38,293,14.77,293,1.0,1,4327.51,1
Delhi,PN-8534,Aluminum Sheet,Shanghai,15,695,35.24,695,1.0,1,24493.02,1
Mumbai,PN-1260,Copper Wire,New York,28,937,24.45,937,1.0,1,22909.3,1
Bangalore,PN-4210,Steel Plate,Delhi,19,208,50.0,477,0.44,0,23850.83,1
Chennai,PN-1822,Electronic Components,Mumbai,18,278,95.13,344,0.81,0,32725.57,1
Delhi,PN-5279,Aluminum Sheet,Mumbai,19,893,29.28,893,1.0,1,26148.66,1
Mumbai,PN-5830,Aluminum Sheet,Delhi,24,983,38.08,983,1.0,1,37428.56,1
Chennai,PN-3391,Aluminum Sheet,Berlin,33,664,31.8,664,1.0,1,21115.72,1
Pune,PN-5339,Copper Wire,Delhi,22,769,13.09,769,1.0,1,10065.32,1
Delhi,PN-6176,Aluminum Sheet,Delhi,22,285,35.62,285,1.0,1,10150.7,1
Pune,PN-3465,Steel Plate,Mumbai,21,695,57.3,695,1.0,1,39820.15,1
Pune,PN-1723,Plastic Resins,Berlin,29,435,15.07,435,1.0,1,6555.39,1
Mumbai,PN-2212,Copper Wire,London,22,424,22.91,487,0.87,0,11158.87,1
Delhi,PN-5456,Electronic Components,Bangalore,26,63,101.75,527,0.12,0,53624.34,1
Pune,PN-5402,Fasteners,London,34,421,5.33,521,0.81,0,2778.29,1
Bangalore,PN-6179,Aluminum Sheet,Berlin,20,761,45.88,796,0.96,0,36523.73,1
Delhi,PN-4979,Fasteners,Delhi,22,629,6.99,629,1.0,1,4399.48,1
Delhi,PN-1296,Aluminum Sheet,Berlin,24,722,48.24,973,0.74,0,46934.76,1
Pune,PN-2252,Steel Plate,Pune,17,991,59.35,991,1.0,1,58812.34,1
Delhi,PN-1253,Fasteners,Pune,10,323,6.37,323,1.0,1,2056.57,1
Delhi,PN-3707,Copper Wire,Bangalore,17,113,12.32,252,0.45,0,3105.3,1
Mumbai,PN-2388,Plastic Resins,Berlin,43,101,10.82,244,0.41,0,2639.67,1
Mumbai,PN-6931,Copper Wire,Bangalore,21,111,18.24,111,1.0,1,2024.63,1
Mumbai,PN-6912,Fasteners,Berlin,16,578,8.1,688,0.84,0,5576.02,1
Delhi,PN-2686,Copper Wire,London,22,366,16.18,366,1.0,1,5920.57,1
Chennai,PN-2837,Fasteners,Berlin,33,698,6.15,698,1.0,1,4289.58,1
Mumbai,PN-8381,Copper Wire,Mumbai,11,256,17.99,728,0.35,0,13096.24,1
Delhi,PN-3099,Steel Plate,Chennai,10,274,54.15,274,1.0,1,14838.03,1
Mumbai,PN-5671,Steel Plate,New York,23,143,65.43,143,1.0,1,9356.31,1
Bangalore,PN-6782,Steel Plate,London,25,652,65.92,652,1.0,1,42980.02,1
Bangalore,PN-2142,Copper Wire,London,33,602,20.6,699,0.86,0,14397.0,1
Mumbai,PN-3303,Copper Wire,New York,42,550,17.37,755,0.73,0,13117.12,1
Delhi,PN-7282,Fasteners,Mumbai,9,111,5.3,111,1.0,1,588.74,1
Pune,PN-2635,Electronic Components,Berlin,24,71,125.98,165,0.43,0,20786.34,1
Chennai,PN-2560,Copper Wire,Chennai,21,168,12.7,168,1.0,1,2133.86,1
Chennai,PN-1145,Plastic Resins,Mumbai,6,853,13.58,853,1.0,1,11587.9,1
Pune,PN-8287,Steel Plate,Mumbai,13,459,41.4,459,1.0,1,19004.79,1
Pune,PN-5631,Electronic Components,Bangalore,8,878,124.21,878,1.0,1,109053.78,1
Bangalore,PN-7575,Electronic Components,Pune,5,631,98.98,631,1.0,1,62456.3,1
Bangalore,PN-2215,Electronic Components,Shanghai,40,100,138.06,788,0.13,0,108789.1,1
Chennai,PN-1231,Copper Wire,London,33,747,23.55,747,1.0,1,17592.64,1
